tier,photon_energy_eV,D1,D2,D3,D4,D5,participation_ratio,largest_pathway_weight
"production MS-CASPT2 CAS(26,15)",0.02,0.00010008435885353567,0.020057786689645352,0.2147538177522518,0.9999995095317885,0.5534576521941825,7.266889848080072,0.2633757785619922
"production MS-CASPT2 CAS(26,15)",0.05,0.00010008435885353567,0.0192363910026747,0.21514760581365808,0.9999991583586869,0.5933311664908489,8.383104807022661,0.22386702350303694
"production MS-CASPT2 CAS(26,15)",0.1,0.00010008435885353567,0.018814528722478546,0.2022634309797258,0.9999982798079959,0.55554246017293,7.76273052126621,0.27053983257854647
"production MS-CASPT2 CAS(26,15)",0.15,0.00010008435885353567,0.018041738859426257,0.17840795253281336,0.9999968621599624,0.5397144798968276,7.613913696447055,0.27716486908675797
"production MS-CASPT2 CAS(26,15)",0.2,0.00010008435885353567,0.016118798879071798,0.14616365988513036,0.999994214007437,0.5625693009023871,8.512293865279695,0.25084211120245054
"production MS-CASPT2 CAS(26,15)",0.25,0.00010008435885353567,0.012601371531237636,0.10070791837230485,0.9999880278555217,0.6133116664467286,10.326057090073242,0.19167345944139277
"production MS-CASPT2 CAS(26,15)",0.3,0.00010008435885353567,0.008756284466429055,0.027864422881316134,0.9999772246854168,0.5159202722984558,7.127313308081799,0.30328281752589564
"production MS-CASPT2 CAS(26,15)",0.35,0.00010008435885353567,0.008415964079792051,0.0661803457998991,0.9999815685870732,0.19499675432038635,2.0915509243620485,0.675484270733054
"production MS-CASPT2 CAS(26,15)",0.4,0.00010008435885353567,0.00849863061768407,0.09741376844641998,0.9999905183715331,0.16864804550259666,1.8549470311218683,0.7025908524994536
"production MS-CASPT2 CAS(26,15)",0.45,0.00010008435885353567,0.0077178548042851815,0.043642314408223484,0.9999951245000358,0.2090001328965045,2.1023861857332253,0.6232657316126443
"production MS-CASPT2 CAS(26,15)",0.5,0.00010008435885353567,0.007066811797435306,0.026534282967397283,0.9999975193874329,0.289295112884192,2.378959841944867,0.5163140227692941
"production MS-CASPT2 CAS(26,15)",0.55,0.00010008435885353567,0.006899985457887411,0.08269388150841245,0.9999988055997752,0.36121480766449265,2.4536883481454996,0.48785715443517624
"production MS-CASPT2 CAS(26,15)",0.6,0.00010008435885353567,0.007289366741229201,0.12202100953568133,0.9999994659737466,0.37140887876580486,2.261601492411512,0.5888454162602685
"production MS-CASPT2 CAS(26,15)",0.65,0.00010008435885353567,0.008300574500250417,0.14732027532983072,0.999999778335641,0.3255673199496979,1.9679652888208763,0.67625429533804
"bridge MS-CASPT2 CAS(12,12)",0.02,0.0,0.02916569186891753,0.38828365591717184,0.9995845552547977,0.18146682878659448,1.8537496800299142,0.7170536899139102
"bridge MS-CASPT2 CAS(12,12)",0.05,0.0,0.028958532867875378,0.6586869887379856,0.9993479742990868,0.17673941379911293,1.8451030401174728,0.7190838347179038
"bridge MS-CASPT2 CAS(12,12)",0.1,0.0,0.027967414023813066,0.8928609825442547,0.9984255688134248,0.1738604235253143,1.8365846846381864,0.7212415427584633
"bridge MS-CASPT2 CAS(12,12)",0.15,0.0,0.02545731932138824,0.9695389715003786,0.9956482670234418,0.17246388576550123,1.8370704939056628,0.7217431196947265
"bridge MS-CASPT2 CAS(12,12)",0.2,0.0,0.021265764591888243,0.990914982829543,0.9878850102205589,0.16758547167465807,1.8057408254913438,0.7303320597101665
"bridge MS-CASPT2 CAS(12,12)",0.25,0.0,0.02173765841571733,0.9923082491204062,0.9851876048932017,0.1279883916646036,1.5704103982794773,0.7856033509967331
"bridge MS-CASPT2 CAS(12,12)",0.3,0.0,0.01781640478445166,0.9657784350036754,0.994126337959852,0.108657516851488,1.4621772611149686,0.8113315813388203
"bridge MS-CASPT2 CAS(12,12)",0.35,0.0,0.007822485162710459,0.8833331684416906,0.9981670516133991,0.11068012253904155,1.467544115081936,0.8070936895405532
"bridge MS-CASPT2 CAS(12,12)",0.4,0.0,0.0034469931428157976,0.8169933031077572,0.9993244029000029,0.11815338854389004,1.4824818556393071,0.8013676025729135
"bridge MS-CASPT2 CAS(12,12)",0.45,0.0,0.0016703329546401988,0.7876783387141578,0.9987866247382725,0.127255169800237,1.5062579521773187,0.7943710182494088
"bridge MS-CASPT2 CAS(12,12)",0.5,0.0,0.0008691023806844714,0.7611030607127045,0.9909694085547286,0.1519494305344252,1.650058956602403,0.7581153412781904
"bridge MS-CASPT2 CAS(12,12)",0.55,0.0,0.0006165282047666819,0.7241898786927898,0.942548080301638,0.30020016679909045,2.803558432371523,0.553829510526189
"bridge MS-CASPT2 CAS(12,12)",0.6,0.0,0.0011018263434312153,0.6703479858157994,0.865331819391001,0.42021522731748057,4.116464814481772,0.3835704247805214
"bridge MS-CASPT2 CAS(12,12)",0.65,0.0,0.0032350084239484425,0.5936598761370795,0.8470171968156596,0.37813355983611596,3.5725929510497183,0.444115218150633
"compact CASCI model-space reference CAS(12,12)",0.02,0.00010496363348509555,0.013904368171502285,0.5350880144738224,0.9999338178297084,0.24869155065985063,2.204184377107449,0.48994667247239837
"compact CASCI model-space reference CAS(12,12)",0.05,0.00010496363348509555,0.01703590846171479,0.430786016252943,0.9999415950142566,0.2449410124419986,2.178067463366625,0.5223042841291414
"compact CASCI model-space reference CAS(12,12)",0.1,0.00010496363348509555,0.024391366433222872,0.07462283475593894,0.9998783594767617,0.24249739016042382,2.161220121398753,0.5440436687694581
"compact CASCI model-space reference CAS(12,12)",0.15,0.00010496363348509555,0.033820553549554176,0.40030440204838985,0.999354697102708,0.25611040367826476,2.280488423424311,0.4993648155005232
"compact CASCI model-space reference CAS(12,12)",0.2,0.00010496363348509555,0.043048197933741095,0.746372692671498,0.9963126657915127,0.30792059434643804,2.553532390123504,0.48026707767060195
"compact CASCI model-space reference CAS(12,12)",0.25,0.00010496363348509555,0.050435253542569,0.906029569548686,0.9818470444456501,0.3491689337730272,2.8952091434112335,0.4772070634590523
"compact CASCI model-space reference CAS(12,12)",0.3,0.00010496363348509555,0.05383948841047791,0.9624900408173098,0.9300427675977178,0.35074183074664067,2.956966439181722,0.4304853487233547
"compact CASCI model-space reference CAS(12,12)",0.35,0.00010496363348509555,0.04580953251936201,0.9785259873786882,0.804823857885501,0.29634943480585046,2.655738611731731,0.5465187103567702
"compact CASCI model-space reference CAS(12,12)",0.4,0.00010496363348509555,0.026377407502912162,0.9791905925502916,0.6218387803914673,0.2831738147035457,2.569210492565639,0.49399071482497137
"compact CASCI model-space reference CAS(12,12)",0.45,0.00010496363348509555,0.012280038274481665,0.9706256543460836,0.5371031189378346,0.3272716726742711,3.043849521207961,0.4575877327128557
"compact CASCI model-space reference CAS(12,12)",0.5,0.00010496363348509555,0.009436055681417189,0.9467381238266699,0.7681959248050881,0.26584375770436963,2.491563189963727,0.5768630313485529
"compact CASCI model-space reference CAS(12,12)",0.55,0.00010496363348509555,0.01613539483754178,0.8557795555027347,0.9534942204266109,0.06770001983861879,1.264445502333164,0.8867613604072832
"compact CASCI model-space reference CAS(12,12)",0.6,0.00010496363348509555,0.03452113361725139,0.42708416972616986,0.9896593666035529,0.020550418325957574,1.0708815018969895,0.9661044471822482
"compact CASCI model-space reference CAS(12,12)",0.65,0.00010496363348509555,0.058628570463963976,0.1817286854577085,0.9831860219598157,0.016221273358116052,1.0529146861514935,0.9744685855419032
