tier,retention,photon_energy_eV,D2,S_L,S_R,G,delta_log10_D2,delta_log10_G,minus_delta_log10_S_L,minus_delta_log10_S_R
production,N5,0.02,0.020057786692204444,0.0016654701818750838,0.00026830838591587866,8.963014864903715e-09,0.0,0.0,-0.0,-0.0
production,N5,0.05,0.01923639100446315,0.002192635097919131,0.0003524016249110081,1.4863731788489286e-08,0.0,0.0,-0.0,-0.0
production,N5,0.1,0.018814528723096607,0.0030839087154582077,0.0005018769931692412,2.912005199351465e-08,0.0,0.0,-0.0,-0.0
production,N5,0.15000000000000002,0.018041738859224637,0.0037087503014191663,0.0006268186021810083,4.1941877132948865e-08,0.0,0.0,-0.0,-0.0
production,N5,0.2,0.016118798878508745,0.0038149277020401145,0.0006844792484934437,4.2090033791276324e-08,0.0,0.0,-0.0,-0.0
production,N5,0.25,0.012601371530749205,0.0035441290604261025,0.0006855492657286132,3.061723831936015e-08,0.0,0.0,-0.0,-0.0
production,N5,0.30000000000000004,0.00875628446617338,0.0035894180636300093,0.0007409302604100621,2.328741262126068e-08,0.0,0.0,-0.0,-0.0
production,N5,0.35000000000000003,0.008415964079527785,0.004868798437083143,0.0010122346651368738,4.147695590250559e-08,0.0,0.0,-0.0,-0.0
production,N5,0.4,0.008498630617401248,0.007698406171125938,0.0015485888360249746,1.013178344184613e-07,0.0,0.0,-0.0,-0.0
production,N5,0.45,0.007717854804050618,0.01103751504913196,0.0021427168707916795,1.8252934767828897e-07,0.0,0.0,-0.0,-0.0
production,N5,0.5,0.007066811797255544,0.012852914442231307,0.0024194892438027605,2.1976009679121854e-07,0.0,0.0,-0.0,-0.0
production,N5,0.55,0.006899985457756443,0.011787473192346534,0.0021590617436169136,1.7560381862379812e-07,0.0,0.0,-0.0,-0.0
production,N5,0.6000000000000001,0.0072893667411469115,0.008447237604553582,0.0015091897100984483,9.292837579118995e-08,0.0,0.0,-0.0,-0.0
production,N5,0.65,0.008300574500228296,0.004720330522671239,0.0008245992897653303,3.230900010444018e-08,0.0,0.0,-0.0,-0.0
production,N4,0.02,0.015014411547677867,0.0016020474221171927,0.00023642569089993913,5.6869361217142606e-09,-0.12577469264332267,-0.19757576660468165,0.01686149414113465,0.05493957982022427
production,N4,0.05,0.015225641732942507,0.002108397036246956,0.0003112496118054676,9.991641011132386e-09,-0.10154798967858056,-0.1724910380938712,0.017013964601134364,0.05392908381415634
production,N4,0.1,0.0156372207518946,0.0029227893521514667,0.0004394159560507849,2.0083199695569205e-08,-0.08033377716127096,-0.16135923941788508,0.023303997811275026,0.057721464445339016
production,N4,0.15000000000000002,0.015570368926061758,0.0033990158443858694,0.0005335104223061699,2.8235468608585627e-08,-0.06397948952742935,-0.1718528637847891,0.037874405585725635,0.06999896867163412
production,N4,0.2,0.014888556500418195,0.003275382274869223,0.0005457232498596172,2.6612583958470922e-08,-0.034480083067708195,-0.19909222983561217,0.06622431745176025,0.09838782931614373
production,N4,0.25,0.013853576324214812,0.0025901624953060865,0.0004601825786673516,1.6512737830431087e-08,0.0411440855165595,-0.26814692894066333,0.13618251780957688,0.17310849664764597
production,N4,0.30000000000000004,0.012780763202362357,0.0016693759123560256,0.0003150451268953216,6.72177076578433e-09,0.16423692637311604,-0.5396375408194507,0.33246990133615173,0.371404565856415
production,N4,0.35000000000000003,0.011848048635737176,0.0008733356049073304,0.0001741318726176257,1.8017986822065645e-09,0.14854295509117052,-1.362100609978841,0.7462406293872137,0.7644029356827979
production,N4,0.4,0.011069637651316414,0.0003708115039087626,7.825839625508866e-05,3.2123107261221393e-10,0.11478445153438697,-2.4988683506969225,1.3172476218604605,1.296405180370849
production,N4,0.45,0.010421077902894406,0.0001286537316221987,2.9346216578474366e-05,3.9344782454972276e-11,0.13041603854936853,-3.666445553371055,1.933448921215679,1.863412670704745
production,N4,0.5,0.010520817747478577,3.717696552603076e-05,9.661430532109568e-06,3.7788954072750585e-12,0.172825971992502,-4.764583966065297,2.53872767787559,2.398682260182209
production,N4,0.55,0.014566177526527495,9.278596397647173e-06,2.97660041282217e-06,4.022985066034101e-13,0.3244974232218373,-5.639985535296523,3.103938433952292,2.860544524566068
production,N4,0.6000000000000001,0.02883663018335364,2.0955467659475446e-06,8.845360426892185e-07,5.345119255491493e-14,0.5972547069261497,-6.240190947345624,3.605417352871915,3.2320283013998594
production,N4,0.65,0.05608138515743984,4.3995308591029624e-07,2.4513375534833223e-07,6.048228892803855e-15,0.8297105799047817,-6.727695299220204,4.030566041203485,3.526839837921501
production,omit_Q5,0.02,0.02142384146132544,0.0016397675384812688,0.0002771113414762779,9.734954617862492e-09,0.028614337429641458,0.03587981459037108,0.006754576918982054,-0.014020054079711665
production,omit_Q5,0.05,0.020842180739259822,0.002151465111636907,0.00036373675315182246,1.6310401483711575e-08,0.03481956160556154,0.04033679140648196,0.00823205374598059,-0.013749283546901202
production,omit_Q5,0.1,0.02051067444179883,0.002961361066427977,0.0005157083623857492,3.1323874646285466e-08,0.03748659694231986,0.031683331244386145,0.017610151997626347,-0.01180688629969267
production,omit_Q5,0.15000000000000002,0.01980676228499248,0.003421124391542748,0.0006395816154215793,4.3338944121477313e-08,0.04053509689608839,0.014230462612899552,0.03505872927012773,-0.00875409498693885
production,omit_Q5,0.2,0.01821902802584961,0.003284350932147948,0.0006931810364718674,4.1478346206689413e-08,0.053192527471564735,-0.00635784221375346,0.06503675671709938,-0.0054863870317812275
production,omit_Q5,0.25,0.015788547149937,0.0025989575993317178,0.000688981191884703,2.827149204006441e-08,0.09792435218562479,-0.03461728551404911,0.1347103341892094,-0.0021686964895354286
production,omit_Q5,0.30000000000000004,0.014490185022642217,0.0016877607190027518,0.0007386509923050052,1.8064422883202142e-08,0.21875406884937718,-0.11029714693800542,0.32771316917181914,0.0013380466155634488
production,omit_Q5,0.35000000000000003,0.02626483358899404,0.0009031646479484095,0.0010032099550520565,2.379761403166977e-08,0.49427078032120586,-0.241273458411056,0.7316548656908701,0.0038893730413917024
production,omit_Q5,0.4,0.07821276704448789,0.0004085311073951796,0.0015312932279016504,4.89284146180702e-08,0.9639286972432701,-0.31612475459923756,1.2751756896595134,0.004877762182994294
production,omit_Q5,0.45,0.21521552949771164,0.00016789969545803258,0.002116640021410743,7.648398678848841e-08,1.4453770019637655,-0.3777621839217796,1.8178214003248958,0.005317785560649223
production,omit_Q5,0.5,0.4570616012205972,7.09897665358437e-05,0.00238678191252728,7.744318800082892e-08,1.810751211385508,-0.45296561500111243,2.257805868679028,0.005910957707592495
production,omit_Q5,0.55,0.7037904220978455,3.3168447285476295e-05,0.0021247816434723857,4.9600128234979905e-08,2.0085951767848873,-0.5490511563938256,2.550695576684814,0.006950756493899154
production,omit_Q5,0.6000000000000001,0.8543074734445839,1.581413895994451e-05,0.0014794020557825757,1.9986924599010902e-08,2.0689244046542945,-0.6674023724996849,2.727669159569055,0.008657617584924221
production,omit_Q5,0.65,0.9243687241029196,6.805166188510034e-06,0.0008033965978110615,5.05375246964986e-09,2.046737090906313,-0.8057095511540914,2.841133673924767,0.011312968135637352
production,omit_S5,0.02,0.01475709503597509,0.0017216663072760609,0.00022765166583487998,5.783898822071327e-09,-0.1332821342726587,-0.1902334294630627,-0.014412118872259228,0.07136341406266321
production,omit_S5,0.05,0.014899479405086864,0.002239966746487158,0.0003002097325124492,1.0019301206054957e-08,-0.11095250186595579,-0.17129042719375065,-0.009275209385528322,0.06961313471332314
production,omit_S5,0.1,0.015250754020356765,0.0031105813692067527,0.00042650974416742277,2.023307262961117e-08,-0.09120202794953615,-0.15813030557467647,-0.003740052134361905,0.0706683297595022
production,omit_S5,0.15000000000000002,0.014888348989474392,0.003718462321577368,0.0005223475671675279,2.8918083130143073e-08,-0.08343185214301196,-0.16147836181935432,-0.0011357906070479417,0.07918230028339031
production,omit_S5,0.2,0.01350776372608088,0.0038157542549737567,0.0005390661158939043,2.7784711191788043e-08,-0.0767492209592962,-0.18037338754381343,-9.408526826514189e-05,0.10371825185278226
production,omit_S5,0.25,0.011011669956472982,0.003538440260531512,0.00045880618575083986,1.787698676131517e-08,-0.0585646300414486,-0.23367169615447625,0.0006976606432545172,0.17440940546977318
production,omit_S5,0.30000000000000004,0.007853191319426446,0.0035724398157155066,0.00031901432090503264,8.949963792388897e-09,-0.0472736842253643,-0.4152999599977194,0.002059123015003509,0.36596715275735153
production,omit_S5,0.35000000000000003,0.010579573529297472,0.004834421836521074,0.00018454873011257316,9.438951734459104e-09,0.09936428812313361,-0.6428831095733529,0.003077252700195335,0.7391701449962911
production,omit_S5,0.4,0.03487848628753714,0.007645785424876659,9.727067328859855e-05,2.593950331574552e-08,0.6132086748902282,-0.5917242425002298,0.0029787153235879583,1.20195420206687
production,omit_S5,0.45,0.09295242881532628,0.010973814787046841,5.79718075398044e-05,5.913372127959773e-08,1.08076413829004,-0.48949749175369806,0.0025136827040516843,1.5677479473396863
production,omit_S5,0.5,0.15182674773529553,0.012790478812595145,4.514552182339511e-05,8.766975018827631e-08,1.3321247637777405,-0.399099068643398,0.002114813959035829,1.7291090184621025
production,omit_S5,0.55,0.1806800918453611,0.01173745302526838,3.8712055165667185e-05,8.209758798786417e-08,1.4180621272253227,-0.33020355788565386,0.0018468508748796203,1.7464188342360967
production,omit_S5,0.6000000000000001,0.1915360347361259,0.008414476526009768,2.9895658478332645e-05,4.8182099374380664e-08,1.4195606913057122,-0.2852626275771782,0.0016876070162254674,1.703135711866665
production,omit_S5,0.65,0.19606355783164753,0.0047028900158541265,1.916154733957898e-05,1.766819882737075e-08,1.3732887273678476,-0.26213123982046194,0.0016075872340748818,1.6338123799542346
bridge,N5,0.02,0.02916569180721189,0.0001954516289188637,0.00011391317283460187,6.493599881471691e-10,0.0,0.0,-0.0,-0.0
bridge,N5,0.05,0.028958532808526137,0.00023083752645266736,0.0001344524248868242,8.987762870686929e-10,0.0,0.0,-0.0,-0.0
bridge,N5,0.1,0.027967413969081027,0.00025533753257683117,0.0001459001078999782,1.0418917068915934e-09,0.0,0.0,-0.0,-0.0
bridge,N5,0.15000000000000002,0.0254573192718457,0.00023322553927601945,0.00012675910215248612,7.526064389225159e-10,0.0,0.0,-0.0,-0.0
bridge,N5,0.2,0.0212657645468872,0.00018981040093292434,9.894600497365113e-05,3.9939191724223456e-10,0.0,0.0,-0.0,-0.0
bridge,N5,0.25,0.0217376583829708,0.00017379213061370993,0.000102865511597776,3.8860882353392427e-10,0.0,0.0,-0.0,-0.0
bridge,N5,0.30000000000000004,0.017816404776396098,0.000320923247063924,0.00018343813252151992,1.0488439299966226e-09,0.0,0.0,-0.0,-0.0
bridge,N5,0.35000000000000003,0.007822485161913797,0.0011822359681060296,0.0003693925229839093,3.4161506661941845e-09,0.0,0.0,-0.0,-0.0
bridge,N5,0.4,0.0034469931426120166,0.004522650979756655,0.0006332243404260042,9.871680561935451e-09,0.0,0.0,-0.0,-0.0
bridge,N5,0.45,0.001670332954147683,0.01420570952937383,0.0008665304671656514,2.056126435094702e-08,0.0,0.0,-0.0,-0.0
bridge,N5,0.5,0.0008691023784981659,0.035225059446426406,0.000939940251358279,2.877550281492225e-08,0.0,0.0,-0.0,-0.0
bridge,N5,0.55,0.0006165281948500019,0.06880955284485417,0.0008207207352287235,3.4817459882977026e-08,0.0,0.0,-0.0,-0.0
bridge,N5,0.6000000000000001,0.0011018263025566152,0.10704590391914219,0.000607007893401214,7.159414845410943e-08,0.0,0.0,-0.0,-0.0
bridge,N5,0.65,0.0032350082917598304,0.1371184354673438,0.00042642796880766896,1.891546095376605e-07,0.0,0.0,-0.0,-0.0
bridge,N4,0.02,0.032386739407519634,0.00017385214731526237,0.00011389925526790439,6.413102340849924e-10,0.04549494453441783,-0.0054173545498384665,0.05085923505718708,5.306402706910503e-05
bridge,N4,0.05,0.03197658554640095,0.00020653983662427728,0.00013443682558102467,8.878797809067884e-10,0.04305553356398169,-0.00529743945452255,0.04830258281193351,5.039020657068767e-05
bridge,N4,0.1,0.030538171725290778,0.0002311568144453239,0.00014588574131349809,1.0298229840343655e-09,0.03819072212073146,-0.005060000834526844,0.04320795645884344,4.2766496414840675e-05
bridge,N4,0.15000000000000002,0.027375537925421196,0.00021459759896758017,0.00012675044075571544,7.446239462148295e-10,0.031549992476052016,-0.004630931107442667,0.03615124740814136,2.9676175353338355e-05
bridge,N4,0.2,0.02243230064073085,0.00017879176142571648,9.89401221288191e-05,3.968201910850415e-10,0.0231928157106345,-0.002805509615798042,0.02597250353602606,2.5821790406501557e-05
bridge,N4,0.25,0.022492105430136848,0.00016893856022788162,0.00010284756554833921,3.9079852453326254e-10,0.014817351226806514,0.0024402581407725692,0.012301318902202181,7.577418383171729e-05
bridge,N4,0.30000000000000004,0.01802563763636232,0.000320041062068767,0.0001833837371316911,1.0579305491957048e-09,0.005070565326542525,0.003746289018179204,0.0011954747304250878,0.00012880157793824146
bridge,N4,0.35000000000000003,0.007855895637101403,0.00118567804148235,0.00036927459169407053,3.439631431310335e-09,0.0018509573356669776,0.0029748922733216485,-0.0012626087944924889,0.00013867385683793602
bridge,N4,0.4,0.0034543137698317466,0.0045362537437751505,0.0006330232378817938,9.9192486361026e-09,0.0009213643845722939,0.002087682867249965,-0.0013042657964222445,0.00013794731374457727
bridge,N4,0.45,0.001669394998300534,0.01424168763138265,0.000866245886360367,2.059499776663137e-08,-0.00024394146181698324,0.0007119324649236762,-0.0010985257747420298,0.00014265184800140977
bridge,N4,0.5,0.0008561781454697933,0.03529499809324182,0.000939587633816453,2.8393216437415322e-08,-0.006506800494220424,-0.005808328090571914,-0.0008614280646334052,0.00016295566098485043
bridge,N4,0.55,0.000556002053893909,0.06890777218356424,0.0008202895659555569,3.142764164866367e-08,-0.04487654650173208,-0.04448529137716862,-0.000619473607136576,0.00022821848257312773
bridge,N4,0.6000000000000001,0.0008396529760888909,0.10714096626327427,0.0006063972097849802,5.455223957879776e-08,-0.11801330389794432,-0.11806494317761587,-0.0003855049954184572,0.000437144275090008
bridge,N4,0.65,0.0023119081229689355,0.13717747094269042,0.00042542950113013946,1.3492143920089978e-07,-0.14590482727094764,-0.14673596400498712,-0.0001869425024310754,0.0010180792364705672
bridge,omit_Q5,0.02,0.032315470036636255,0.00017643850771870443,0.00011389767952575062,6.494096373187054e-10,0.04453819491837719,3.320428937822199e-05,0.04444591830227538,5.90723267235294e-05
bridge,omit_Q5,0.05,0.031991895049699716,0.0002089899682626561,0.00013443316715370078,8.988181567161856e-10,0.04326341197123226,2.0231211696804567e-05,0.04318097194291348,6.220881662196818e-05
bridge,omit_Q5,0.1,0.03068951891554067,0.00023272502074808912,0.0001458770345902599,1.0418857173730046e-09,0.04033776973143922,-2.496634085823066e-06,0.04027157962039292,6.868674513206687e-05
bridge,omit_Q5,0.15000000000000002,0.02763354019458902,0.0002148811813715001,0.00012673638289193524,7.525514864916005e-10,0.03562385763674242,-3.1711672405096245e-05,0.0355777229560667,7.784635308087778e-05
bridge,omit_Q5,0.2,0.022671268565086344,0.00017804515688820175,9.892524279238805e-05,3.9931268910016825e-10,0.02779482055568565,-8.616037706672195e-05,0.027789841862374823,9.113907037755827e-05
bridge,omit_Q5,0.25,0.0225316041342832,0.00016765863154655081,0.00010284145571861603,3.884957255995721e-10,0.015579353017410716,-0.00012641235778471855,0.015604190443043824,0.00010157493215151774
bridge,omit_Q5,0.30000000000000004,0.01797813182468691,0.00031804614387134897,0.00018339559264337412,1.0486331661398649e-09,0.003924489559980393,-8.72796946876965e-05,0.0039110433226994985,0.00010072593196859322
bridge,omit_Q5,0.35000000000000003,0.007834084271067271,0.001180557594240288,0.0003693063129570251,3.415561816207416e-09,0.000643490905656376,-7.486682181498421e-05,0.0006169888412381959,0.00010136888623308903
bridge,omit_Q5,0.4,0.003448106151544845,0.0045208750963849345,0.0006330675180317269,9.86854592867327e-09,0.00014020788429967176,-0.00013792688150216507,0.00017056540828474642,0.00010756935751705517
bridge,omit_Q5,0.45,0.0016687671183671499,0.014203029262886507,0.0008662905194700197,2.053242651551259e-08,-0.00040731566837259853,-0.0006095395468759821,8.19483721146953e-05,0.00012027550638875522
bridge,omit_Q5,0.5,0.0008607460012902318,0.03522085677136701,0.0009396226916397281,2.848580037019292e-08,-0.0041959246628430905,-0.00439449469870761,5.181843569331174e-05,0.00014675160017115895
bridge,omit_Q5,0.55,0.0005783869474787619,0.0688025092831005,0.0008203131357742617,3.264392919818334e-08,-0.027734458761818105,-0.027994656629558166,4.445802145441614e-05,0.0002157398462855787
bridge,omit_Q5,0.6000000000000001,0.0009387143057158362,0.10703075958404913,0.0006064163435196365,6.09274415117649e-08,-0.0695796991140358,-0.07006458647446191,6.144622273492278e-05,0.0004234411376911052
bridge,omit_Q5,0.65,0.0026722914026513227,0.13708005240212268,0.0004254556308294909,1.5585199004521039e-07,-0.08299158370524536,-0.08410457707237919,0.00012158749424534639,0.000991405872888448
bridge,omit_S5,0.02,0.029083601729498174,0.00019593255775337377,0.000113911386993384,6.491154356859246e-10,-0.0012240935196889252,-0.00016358844189225905,-0.0010673136588125597,6.808581015865347e-06
bridge,omit_S5,0.05,0.028845129065510528,0.00023166282921180024,0.0001344514995782744,8.984511995035538e-10,-0.0017040679226970668,-0.0001571128176815326,-0.0015499439524117786,2.988847396269073e-06
bridge,omit_S5,0.1,0.027792520383676994,0.00025686240476516963,0.00014590195344494998,1.0415726885500245e-09,-0.002724377961529122,-0.00013299762333848406,-0.002585886819785361,-5.493518405403807e-06
bridge,omit_S5,0.15000000000000002,0.025222424235684233,0.00023535041669168924,0.00012676469035445692,7.524888993559861e-10,-0.004025843126776799,-6.78319624740073e-05,-0.003938865621739985,-1.9145542562832187e-05
bridge,omit_S5,0.2,0.021013440507348245,0.00019210884081845804,9.895456294684973e-05,3.9946647867782515e-10,-0.005183836306031007,8.106973726308631e-05,-0.005227344953118373,-3.756109017568299e-05
bridge,omit_S5,0.25,0.021500765090261928,0.00017573963040688734,0.00010287522411409972,3.8871779033358235e-10,-0.004758845072120844,0.00012176009226463133,-0.004839601206337712,-4.100395804771631e-05
bridge,omit_S5,0.30000000000000004,0.017744364785564074,0.0003222255529409221,0.0001834486392549783,1.0489020382687558e-09,-0.0017596139611150583,2.4060207793157833e-05,-0.0017587999204148367,-2.4874248493342598e-05
bridge,omit_S5,0.35000000000000003,0.007817599108896173,0.001182936282151907,0.0003694063051669455,3.416166676789303e-09,-0.0002713522377670066,2.035418661885728e-06,-0.0002571842575769314,-1.620339885180008e-05
bridge,omit_S5,0.4,0.003446628080477918,0.004522968798224223,0.0006332445980864593,9.87164450949861e-09,-4.599744181126848e-05,-1.5860929526418447e-06,-3.0517932470385404e-05,-1.389341638811394e-05
bridge,omit_S5,0.45,0.0016702940217248284,0.014205847391652319,0.0008665571413115224,2.0561617564299192e-08,-1.0122732370742326e-05,7.460499004067912e-06,-4.214681157921016e-06,-1.336855021693421e-05
bridge,omit_S5,0.5,0.000869370963446114,0.035225149560019084,0.0009399685526309173,2.8785335842400574e-08,0.00013419240770603003,0.00014837968714122337,-1.1110211480472745e-06,-1.3076258287122601e-05
bridge,omit_S5,0.55,0.0006180799468429216,0.06880969900867231,0.000820744203550659,3.4906164885503954e-08,0.0010917110618687725,0.0011050519541253327,-9.22518307825884e-07,-1.2418373948777428e-05
bridge,omit_S5,0.6000000000000001,0.00110857356017404,0.10704619467081154,0.0006070228350260999,7.20345385456354e-08,0.0026513807768285317,0.0026632504968309044,-1.1796030440240972e-06,-1.069011695834923e-05
bridge,omit_S5,0.65,0.0032574053319350386,0.13711888790469207,0.0004264347988936047,1.9046786904568722e-07,0.0029964047605336207,0.0030047937885137824,-1.4330000113917195e-06,-6.9560279688891514e-06
anchor,N5,0.02,0.013904368165731656,0.0006483273791397201,0.0040670433207305465,3.666269783652215e-08,0.0,0.0,-0.0,-0.0
anchor,N5,0.05,0.017035908455314816,0.0007766395732681703,0.005034223935113549,6.660661205963123e-08,0.0,0.0,-0.0,-0.0
anchor,N5,0.1,0.024391366426481383,0.0009487708440142855,0.005926384039796793,1.371472967644818e-07,0.0,0.0,-0.0,-0.0
anchor,N5,0.15000000000000002,0.033820553545096235,0.001100000749643896,0.005537207343540362,2.0599869958463255e-07,0.0,0.0,-0.0,-0.0
anchor,N5,0.2,0.04304819793446905,0.0012739438763064857,0.004208779815823965,2.3081364398302892e-07,0.0,0.0,-0.0,-0.0
anchor,N5,0.25,0.05043525354797819,0.001436542179214195,0.0027591817791667262,1.999092565154818e-07,0.0,0.0,-0.0,-0.0
anchor,N5,0.30000000000000004,0.053839488415306454,0.0014988329617341477,0.0017722280016909038,1.4301241950256622e-07,0.0,0.0,-0.0,-0.0
anchor,N5,0.35000000000000003,0.04580953251582775,0.0014298490001959899,0.001389609444482959,9.102041116608359e-08,0.0,0.0,-0.0,-0.0
anchor,N5,0.4,0.026377407493698418,0.0012841862344135208,0.001597628519927443,5.411727542589567e-08,0.0,0.0,-0.0,-0.0
anchor,N5,0.45,0.012280038269079249,0.001113508584120972,0.002457140719258638,3.359876534478293e-08,0.0,0.0,-0.0,-0.0
anchor,N5,0.5,0.009436055680914547,0.000913693440981863,0.004038842126801464,3.482153243337059e-08,0.0,0.0,-0.0,-0.0
anchor,N5,0.55,0.016135394841031988,0.0006757539529397774,0.0062020298563035285,6.762418509923792e-08,0.0,0.0,-0.0,-0.0
anchor,N5,0.6000000000000001,0.034521133625151294,0.00044100696998230403,0.008411648760877834,1.2805944998003508e-07,0.0,0.0,-0.0,-0.0
anchor,N5,0.65,0.058628570465407676,0.00031118757175826713,0.009813036249896483,1.790337679249545e-07,0.0,0.0,-0.0,-0.0
anchor,N4,0.02,0.01398154202481907,0.0006538592429804973,0.004065371673265633,3.7165467189963353e-08,0.002403813717161775,0.005915176986603601,-0.0036899048909553637,0.00017854162151348396
anchor,N4,0.05,0.017145602646764492,0.0007817952374323942,0.005029108087695009,6.741192747036377e-08,0.002787456964379051,0.005219400985840058,-0.002873504429184993,0.00044156040772400275
anchor,N4,0.1,0.024633170958332912,0.0009514411513752619,0.005916382495715413,1.386623307353536e-07,0.004284190370144414,0.004771243972116672,-0.001220601194030742,0.0007335475920584123
anchor,N4,0.15000000000000002,0.03442278525056109,0.0010951634010640681,0.00552760408360161,2.0838279473413093e-07,0.0076652960090914145,0.0049973794996843405,0.0019140593154822764,0.0007538571939248138
anchor,N4,0.2,0.04464421662890702,0.0012472834309050166,0.004207583335882703,2.3429503549752565e-07,0.01581023089425374,0.006501608885701258,0.009185142393822803,0.000123479614729621
anchor,N4,0.25,0.05452988905006863,0.0013535984988836032,0.002772309373950151,2.0462852394676794e-07,0.03390040559107016,0.010133267576693167,0.025828518036880074,-0.0020613800225030114
anchor,N4,0.30000000000000004,0.06327220238074387,0.0012987184058921733,0.0017997373459027629,1.478894098480486e-07,0.07011202710354084,0.01456332173637172,0.06223823980711313,-0.006689534439943999
anchor,N4,0.35000000000000003,0.06330551582898652,0.0010430959949903219,0.0014264361109323138,9.419289704295354e-08,0.14048569203372538,0.01487936146572156,0.1369658981208003,-0.011359567552796476
anchor,N4,0.4,0.04921367110508191,0.000683896267141779,0.0016377111533883615,5.51205195606125e-08,0.2708536539104282,0.007977378935770229,0.2736377770061093,-0.010761502031451334
anchor,N4,0.45,0.03671605082822601,0.00036562799444571603,0.002495840446340372,3.350520049190927e-08,0.4756562421781457,-0.0012110975895320288,0.4836541291354735,-0.0067867893677957146
anchor,N4,0.5,0.051423175190933285,0.00016563064968753448,0.004071695303177146,3.4679662765215787e-08,0.7363683942779227,-0.0017730141022264585,0.7416598019201733,-0.003518393540024102
anchor,N4,0.55,0.14718267449110564,7.404261009400705e-05,0.006224095804655419,6.782888515969105e-08,0.9600770930601276,0.0013126343198707343,0.96030687508815,-0.0015424163478932724
anchor,N4,0.6000000000000001,0.3053453523681887,4.9997564099035274e-05,0.008420585582403937,1.2855307043418667e-07,0.9467062651350333,0.001670821855945238,0.945496607561866,-0.00046116428277797857
anchor,N4,0.65,0.17630570188167863,0.00010364615068236547,0.009812140275167965,1.7930123615861402e-07,0.47815705303768163,0.0006483318582417613,0.47746906631261166,3.965486682816467e-05
anchor,omit_Q5,0.02,0.013912467702344408,0.0006478799575560354,0.004067041237307162,3.665871943690191e-08,0.0002529104440909698,-4.7129394597745676e-05,0.0002998173626934123,2.2247599536339304e-07
anchor,omit_Q5,0.05,0.017047592259827878,0.000776038328636808,0.005034221481215748,6.660066101772006e-08,0.000297751810697293,-3.880425753950735e-05,0.0003363443743297327,2.1169390705878416e-07
anchor,omit_Q5,0.1,0.024423030388139477,0.0009474947200437114,0.005926381679599889,1.3714057513839223e-07,0.0005634192635513477,-2.128541156738996e-05,0.0005845317162472785,1.729588715483994e-07
anchor,omit_Q5,0.15000000000000002,0.033946263403690655,0.001095922764808831,0.005537205706256961,2.0599780029239292e-07,0.0016112653062403713,-1.8959270644928009e-06,0.0016130328178044948,1.28415500347116e-07
anchor,omit_Q5,0.2,0.043532903917475226,0.0012598031705193607,0.004208778008120539,2.3082155092111438e-07,0.0048626623694824865,1.4877286729924214e-05,0.004847598549879361,1.8653287315163336e-07
anchor,omit_Q5,0.25,0.05198268768586566,0.0013938651011826313,0.002759175606449837,1.9992118471427862e-07,0.013124521827800419,2.5912738920528438e-05,0.013097637503788168,9.715850917368943e-07
anchor,omit_Q5,0.30000000000000004,0.057926791176587666,0.0013931879655605362,0.0017722071417914692,1.430222705425596e-07,0.031778547102098785,2.9914219923111283e-05,0.0317435210159115,5.111866264072437e-06
anchor,omit_Q5,0.35000000000000003,0.05378454585391374,0.0012179406636796527,0.0013895556388363358,9.10247673138277e-08,0.0697016460363012,2.0784411252048782e-05,0.06966404542685585,1.6816198193397095e-05
anchor,omit_Q5,0.4,0.03601920915787062,0.0009404175198500635,0.0015975213500858804,5.411299300426522e-08,0.13530206453733237,-3.436805823794788e-05,0.13530729889434945,2.9133701220928288e-05
anchor,omit_Q5,0.45,0.02062636449530747,0.0006626595383499244,0.0024569737276992475,3.358254878068625e-08,0.22522296781557144,-0.00020966438454154203,0.22540311578832473,2.951641178828858e-05
anchor,omit_Q5,0.5,0.019743840630401983,0.0004363544447450906,0.0040386367218196405,3.4794117898569484e-08,0.32064114186594217,-0.00034204900038265233,0.3209611032194607,2.208764686422884e-05
anchor,omit_Q5,0.55,0.04051658385965984,0.00026900640195176074,0.0062018277717725435,6.759508803694532e-08,0.39985322358887077,-0.00018690669599429207,0.40002597917166705,1.415111319788259e-05
anchor,omit_Q5,0.6000000000000001,0.0932643046768096,0.00016322638162879333,0.008411484901736167,1.280496747937184e-07,0.43163040784222984,-3.315234849767619e-05,0.43165510004026275,8.460150464805946e-06
anchor,omit_Q5,0.65,0.11435457918185073,0.00015956414365431528,0.009812918635706876,1.7905525183214975e-07,0.29014425509937697,5.2111859571405336e-05,0.2900869379701676,5.205269637885237e-06
anchor,omit_S5,0.02,0.013906680830682113,0.0006482611466963339,0.004072310207431156,3.6712531600110844e-08,7.222867637380713e-05,0.0005899138451175773,4.436933404464166e-05,-0.0005620545027883305
anchor,omit_S5,0.05,0.01703818540632179,0.0007765556510603773,0.005040670085012028,6.669360573315244e-08,5.804217499549432e-05,0.0005668539535799484,4.693157848827546e-05,-0.0005557433570727775
anchor,omit_S5,0.1,0.024394708098410118,0.0009486476113577373,0.005933890673096128,1.373219885793183e-07,5.949524307428603e-05,0.0005528319962409731,5.6412714499431254e-05,-0.0005497494676660745
anchor,omit_S5,0.15000000000000002,0.033826040601943545,0.0010998175286478556,0.005544233101876981,2.062591788340494e-07,7.045435312597132e-05,0.0005488055978927917,7.234403724925207e-05,-0.0005506952820160818
anchor,omit_S5,0.2,0.04305275323329573,0.0012736867181663894,0.0042142127972545395,2.310893928600177e-07,4.595399049283871e-05,0.0005185340659909853,8.767547527648661e-05,-0.0005602555507745485
anchor,omit_S5,0.25,0.05042984537109786,0.0014362299276958082,0.002762812911196662,2.00107370684124e-07,-4.657193427070074e-05,0.0004301816045264108,9.44099336032436e-05,-0.000571163472400319
anchor,omit_S5,0.30000000000000004,0.05382001136006816,0.0014985177368705943,0.0017744084916995638,1.4310647359105785e-07,-0.00015713945770971474,0.000285525871165004,9.134761532470191e-05,-0.0005340129441994787
anchor,omit_S5,0.35000000000000003,0.045795265502261324,0.001429581761663951,0.0013907211021867117,9.104783527530488e-08,-0.00013527861966383512,0.0001308315934137913,8.117715015338614e-05,-0.00034728736323088515
anchor,omit_S5,0.4,0.02637603842084277,0.001283984783124596,0.0015979079036743935,5.4115439316465984e-08,-2.2541874804827766e-05,-1.4735141689028762e-05,6.813345585973228e-05,-7.594018897555826e-05
anchor,omit_S5,0.45,0.012277947250412558,0.0011133590258317963,0.00245684792506434,3.358452982067862e-08,-7.395703283352919e-05,-0.00018404603831361738,5.833516058089208e-05,5.1753844899176634e-05
anchor,omit_S5,0.5,0.009435192902250707,0.0009135693076608391,0.00403855541581948,3.4811146809231634e-08,-3.971120526759307e-05,-0.00012954892263738254,5.900674816909051e-05,3.083096920074391e-05
anchor,omit_S5,0.55,0.016143928352592266,0.000675626964490305,0.006202755901956709,6.765515388427883e-08,0.0002296242115110775,0.00019884149036392612,8.162078111700371e-05,-5.083805996993529e-05
anchor,omit_S5,0.6000000000000001,0.034555085256627885,0.00044085373757675006,0.008414378814933069,1.2818244640286124e-07,0.0004269199336028107,0.0004169237941468149,0.00015092630452898724,-0.00014093016507298026
anchor,omit_S5,0.65,0.05870510722336083,0.00031100436960816035,0.009817878743936838,1.7925036164440454e-07,0.0005665806614261768,0.0005250886705145638,0.0002557528629792365,-0.00021426087206764688
